Timestamp, Spaces 
Wed 11 Oct 2017 17:45:12 GMT, 333
Wed 11 Oct 2017 18:00:12 GMT, 339
Wed 11 Oct 2017 18:15:12 GMT, 349
Wed 11 Oct 2017 18:30:12 GMT, 353
Wed 11 Oct 2017 18:45:12 GMT, 350
Wed 11 Oct 2017 19:00:12 GMT, 360
Wed 11 Oct 2017 19:15:12 GMT, 363
Wed 11 Oct 2017 19:30:12 GMT, 379
Wed 11 Oct 2017 19:45:12 GMT, 389
Wed 11 Oct 2017 20:00:12 GMT, 401
Wed 11 Oct 2017 20:15:12 GMT, 405
Wed 11 Oct 2017 20:30:12 GMT, 410
Wed 11 Oct 2017 20:45:12 GMT, 411
Wed 11 Oct 2017 21:00:12 GMT, 415
Wed 11 Oct 2017 21:15:12 GMT, 420
Wed 11 Oct 2017 21:30:11 GMT, 420
Wed 11 Oct 2017 21:45:11 GMT, 420
Wed 11 Oct 2017 22:00:11 GMT, 420
Wed 11 Oct 2017 22:15:12 GMT, 420
Wed 11 Oct 2017 22:30:11 GMT, 420
Wed 11 Oct 2017 22:45:12 GMT, 420
Wed 11 Oct 2017 23:00:12 GMT, 420
Wed 11 Oct 2017 23:15:12 GMT, 416
Wed 11 Oct 2017 23:30:11 GMT, 416
Wed 11 Oct 2017 23:45:11 GMT, 416
Thu 12 Oct 2017 00:00:12 GMT, 416
Thu 12 Oct 2017 00:15:11 GMT, 416
Thu 12 Oct 2017 00:30:12 GMT, 416
Thu 12 Oct 2017 00:45:12 GMT, 416
Thu 12 Oct 2017 01:00:11 GMT, 416
Thu 12 Oct 2017 01:15:11 GMT, 416
Thu 12 Oct 2017 01:30:11 GMT, 416
Thu 12 Oct 2017 01:45:12 GMT, 416
Thu 12 Oct 2017 02:00:11 GMT, 416
Thu 12 Oct 2017 02:15:12 GMT, 416
Thu 12 Oct 2017 02:30:12 GMT, 416
Thu 12 Oct 2017 02:45:11 GMT, 416
Thu 12 Oct 2017 03:00:12 GMT, 416
Thu 12 Oct 2017 03:15:11 GMT, 416
Thu 12 Oct 2017 03:30:12 GMT, 416
Thu 12 Oct 2017 03:45:11 GMT, 416
Thu 12 Oct 2017 04:00:13 GMT, 416
Thu 12 Oct 2017 04:15:11 GMT, 416
Thu 12 Oct 2017 04:30:11 GMT, 416
Thu 12 Oct 2017 04:45:12 GMT, 416
Thu 12 Oct 2017 05:00:12 GMT, 416
Thu 12 Oct 2017 05:15:11 GMT, 420
Thu 12 Oct 2017 05:30:12 GMT, 420
Thu 12 Oct 2017 05:45:12 GMT, 420
Thu 12 Oct 2017 06:00:12 GMT, 418
Thu 12 Oct 2017 06:15:12 GMT, 397
Thu 12 Oct 2017 06:30:12 GMT, 320
Thu 12 Oct 2017 06:45:12 GMT, 294
Thu 12 Oct 2017 07:00:12 GMT, 263
Thu 12 Oct 2017 07:15:12 GMT, 238
Thu 12 Oct 2017 07:30:13 GMT, 216
Thu 12 Oct 2017 07:45:12 GMT, 184
Thu 12 Oct 2017 08:00:12 GMT, 137
Thu 12 Oct 2017 08:15:12 GMT, 83
Thu 12 Oct 2017 08:30:12 GMT, 41
Thu 12 Oct 2017 08:45:11 GMT, 40
Thu 12 Oct 2017 09:00:11 GMT, 40
Thu 12 Oct 2017 09:15:12 GMT, 40
Thu 12 Oct 2017 09:30:12 GMT, 40
Thu 12 Oct 2017 09:45:13 GMT, 40
